Country,City,Region,CostOfLiving_1 Bedroom Apartment Outside of City Centre,CostOfLiving_1 Bedroom Apartment in City Centre,CostOfLiving_3 Bedroom Apartment Outside of City Centre,CostOfLiving_3 Bedroom Apartment in City Centre,"CostOfLiving_Annual Mortgage Interest Rate (20-Year Fixed, in %)",CostOfLiving_Apples (1 lb),CostOfLiving_Average Monthly Net Salary (After Tax),CostOfLiving_Bananas (1 lb),"CostOfLiving_Basic Utilities for 915 Square Feet Apartment (Electricity, Heating, Cooling, Water, Garbage)",CostOfLiving_Beef Round or Equivalent Back Leg Red Meat (1 lb),CostOfLiving_Bottle of Wine (Mid-Range),CostOfLiving_Bottled Water (12 oz),CostOfLiving_Bottled Water (50 oz),"CostOfLiving_Broadband Internet (Unlimited Data, 60 Mbps or Higher)",CostOfLiving_Cappuccino (Regular Size),CostOfLiving_Chicken Fillets (1 lb),"CostOfLiving_Cigarettes (Pack of 20, Marlboro)",CostOfLiving_Cinema Ticket (International Release),CostOfLiving_Combo Meal at McDonald's (or Equivalent Fast-Food Meal),CostOfLiving_Domestic Beer (16.9 oz Bottle),CostOfLiving_Domestic Draft Beer (1 Pint),"CostOfLiving_Eggs (12, Large Size)",CostOfLiving_Fresh White Bread (1 lb Loaf),CostOfLiving_Gasoline (1 Liter),CostOfLiving_Imported Beer (12 oz Small Bottle),"CostOfLiving_International Primary School, Annual Tuition per Child",CostOfLiving_Jeans (Levi's 501 or Similar),CostOfLiving_Lettuce (1 Head),CostOfLiving_Local Cheese (1 lb),CostOfLiving_Meal at an Inexpensive Restaurant,"CostOfLiving_Meal for Two at a Mid-Range Restaurant (Three Courses, Without Drinks)",CostOfLiving_Men's Leather Business Shoes,"CostOfLiving_Milk (Regular, 1 Liter)","CostOfLiving_Mobile Phone Plan (Monthly, with Calls and 10GB+ Data)",CostOfLiving_Monthly Fitness Club Membership,CostOfLiving_Monthly Public Transport Pass (Regular Price),CostOfLiving_Nike Running Shoes (Mid-Range),CostOfLiving_One-Way Ticket (Local Transport),CostOfLiving_Onions (1 lb),CostOfLiving_Oranges (1 lb),CostOfLiving_Potatoes (1 lb),CostOfLiving_Price per Square Feet to Buy Apartment Outside of Centre,CostOfLiving_Price per Square Feet to Buy Apartment in City Centre,"CostOfLiving_Private Full-Day Preschool or Kindergarten, Monthly Fee per Child","CostOfLiving_Soft Drink (Coca-Cola or Pepsi, 12 oz Small Bottle)",CostOfLiving_Summer Dress in a Chain Store (e.g. Zara or H&M),CostOfLiving_Taxi 1 Hour Waiting (Standard Tariff),CostOfLiving_Taxi 1 mile (Standard Tariff),CostOfLiving_Taxi Start (Standard Tariff),"CostOfLiving_Tennis Court Rental (1 Hour, Weekend)",CostOfLiving_Tomatoes (1 lb),CostOfLiving_Toyota Corolla Sedan 1.6 (or Equivalent New Mid-Size Car),CostOfLiving_Volkswagen Golf 1.5 (or Equivalent New Compact Car),CostOfLiving_White Rice (1 lb),SpeedTestMobile_Rank,SpeedTestMobile_Rank Delta,SpeedTestMobile_Mbps,LPI2023_LPI Score,LPI2023_LPI Grouped Rank,LPI2023_Customs Score,LPI2023_Customs Grouped Rank,LPI2023_Infrastructure Score,LPI2023_Infrastructure Grouped Rank,LPI2023_International Shipments Score,LPI2023_International Shipments Grouped Rank,LPI2023_Logistics Competence and Quality Score,LPI2023_Logistics Competence and Quality Grouped Rank,LPI2023_Timeliness Score,LPI2023_Timeliness Grouped Rank,LPI2023_Tracking and Tracing Score,LPI2023_Tracking and Tracing Grouped Rank,SpeedTestBroadband_Rank,SpeedTestBroadband_Rank Change,SpeedTestBroadband_Mbps,GPI_rank,GPI_score 
Albania,Tirana,Eastern Europe & The Balkans,548.16,851.24,902.9,1416.93,0.07,0.87,821.33,1.19,126.08,7.28,10.27,1.15,0.79,19.96,2.16,3.88,4.71,9.66,10.87,1.72,3.02,4.08,1.09,2.19,3.195,6915.88,65.3,1.61,6.15,12.08,60.39,124.91,2.16,18.99,56.44,19.32,116.71,0.48,0.62,0.95,0.59,187.77,370.2,319.24,2.17,47.55,18.12,5.83,3.62,17.66,0.81,34273.09,34776.58,1.09,45.0,-,111.6,2.5,97.0,2.4,90.0,2.7,68.0,2.8,75.0,2.3,120.0,2.5,125.0,2.3,117.0,69.0,5,93.33,52.0,1.812
Argentina,Buenos Aires,Latin America,0.36,0.51,0.71,0.99,0.04,0.0,0.55,0.0,0.13,0.0,0.0,0.0,0.0,0.02,0.0,0.0,0.0,0.01,0.01,0.0,0.0,0.0,0.0,0.0,0.0,4.17,0.08,0.0,0.0,0.01,0.05,0.1,0.0,0.01,0.03,0.01,0.09,0.0,0.0,0.0,0.0,0.13,0.18,0.26,0.0,0.06,0.01,0.0,0.0,0.01,0.0,20.67,17.21,0.0,69.0,-1,60.08,2.8,73.0,2.7,65.0,2.8,63.0,2.7,85.0,2.7,81.0,3.1,76.0,2.9,72.0,59.0,-,113.33,46.0,1.768
Barbados,Bridgetown,Island Life,1016.66,1183.34,1937.5,2166.66,3.42,2.49,1583.34,1.44,195.0,4.3,13.75,1.38,3.16,81.25,4.6,4.76,10.0,15.0,10.0,1.82,2.5,6.32,3.47,2.04,3.44,6500.0,68.75,2.74,4.07,20.0,100.0,70.83,4.94,56.88,91.66,27.0,100.0,1.75,1.05,2.38,0.82,325.16,325.16,300.0,1.9,43.75,40.0,,7.5,,2.27,35000.0,37500.0,1.24,,,,,,,,,,,,,,,,,,,,,,
Belize,Belize City,Latin America,95.66,171.06,162.29,282.83,5.66,0.87,433.38,0.32,103.84,1.62,5.0,0.72,0.57,27.36,1.92,1.88,2.5,4.21,3.75,1.14,1.27,1.18,0.6,0.92,1.62,337.1,18.73,1.23,1.55,3.14,25.0,44.8,1.84,24.82,13.32,10.0,41.13,1.0,0.57,0.48,0.79,,9.29,32.26,0.84,13.71,,3.2,2.0,1.25,0.76,,5257.28,0.55,,,,,,,,,,,,,,,,,,109.0,3,49.86,,
Bermuda,Hamilton,Island Life,1723.83,1734.9,2621.56,2937.78,5.44,2.41,3915.6,0.79,206.4,8.66,18.0,2.35,2.07,72.74,5.45,6.51,19.75,14.75,17.0,3.33,7.0,5.01,2.73,1.49,7.34,23308.33,79.17,3.17,4.72,25.0,100.0,169.17,3.04,48.96,52.71,120.0,122.5,3.62,1.08,2.67,1.64,358.0,358.0,863.75,2.97,48.0,32.72,2.9,4.9,30.0,2.47,27322.31,36779.0,1.8,,,,,,,,,,,,,,,,,,,,,,
Brazil,Florianopolis,Latin America,419.46,582.54,861.89,1134.48,2.09,1.08,778.02,0.57,67.95,3.75,7.65,0.88,0.8,20.55,2.09,1.67,2.63,8.28,7.17,1.41,2.29,2.47,1.37,1.23,2.88,10633.37,67.49,0.78,3.9,7.65,46.85,65.2,0.97,13.74,35.31,79.16,101.7,1.32,0.48,0.62,0.49,162.09,258.19,656.92,1.18,66.48,11.47,2.46,1.53,18.87,0.73,31612.62,22732.31,0.63,6.0,-,264.39,3.2,51.0,2.9,56.0,3.2,47.0,2.9,68.0,3.3,46.0,3.5,46.0,3.2,54.0,25.0,1,222.3,130.0,2.472
Brazil,Sao Paulo,Latin America,481.58,670.84,927.52,1487.8,2.29,1.24,793.73,0.82,86.1,4.68,9.56,0.87,0.81,20.15,2.15,2.25,2.72,9.56,7.65,1.47,2.29,2.85,1.71,1.15,3.03,16758.35,63.73,1.24,5.61,8.6,42.07,87.75,1.13,16.25,38.06,46.46,98.47,0.99,0.54,0.74,0.62,202.61,263.61,492.71,1.27,53.03,9.75,1.31,1.16,38.03,0.88,32367.01,22944.55,0.63,6.0,-,264.39,3.2,51.0,2.9,56.0,3.2,47.0,2.9,68.0,3.3,46.0,3.5,46.0,3.2,54.0,25.0,1,222.3,130.0,2.472
Bulgaria,Plovdiv,Eastern Europe & The Balkans,194.64,283.68,341.49,469.15,1.99,0.4,596.06,0.43,55.19,3.41,3.78,0.64,0.42,7.64,1.38,1.99,2.1,4.73,4.57,0.6,1.47,1.87,0.53,0.8,1.46,2749.48,32.14,0.6,2.74,4.73,24.45,48.8,0.99,9.7,20.59,15.78,52.58,0.31,0.26,0.43,0.24,74.74,115.75,278.2,0.82,19.71,5.68,0.56,0.63,10.59,0.62,14008.75,17248.41,0.49,5.0,-,277.97,3.2,51.0,3.1,43.0,3.1,52.0,3.0,57.0,3.3,46.0,3.5,46.0,3.3,49.0,74.0,10,92.12,29.0,1.61
Bulgaria,Sofia,Eastern Europe & The Balkans,313.83,406.14,527.4,731.82,1.83,0.48,882.81,0.48,81.24,3.43,3.94,0.8,0.4,7.46,1.52,2.07,2.21,5.46,5.69,0.59,1.66,2.01,0.69,0.78,1.42,6411.83,44.22,0.55,2.91,6.31,28.41,62.8,1.02,9.82,24.29,15.77,59.44,0.51,0.23,0.44,0.26,138.29,207.25,367.05,1.09,20.01,7.57,0.81,0.93,12.78,0.67,14884.83,16574.6,0.54,5.0,-,277.97,3.2,51.0,3.1,43.0,3.1,52.0,3.0,57.0,3.3,46.0,3.5,46.0,3.3,49.0,74.0,10,92.12,29.0,1.61
Chile,Santiago,Latin America,434.72,569.22,851.6,1078.21,0.01,0.96,833.42,0.74,147.41,5.13,6.63,1.29,1.24,22.96,3.29,3.21,5.85,7.73,8.57,1.7,3.87,4.29,1.53,1.43,3.735,10684.79,55.27,1.41,4.9,11.04,49.69,81.94,1.27,14.42,34.58,44.17,76.95,0.88,0.78,0.92,0.69,270.84,253.75,480.74,1.78,30.03,12.59,1.42,0.44,14.73,0.87,25429.88,19513.22,1.01,56.0,-5,86.29,3.0,61.0,3.0,47.0,2.8,63.0,2.7,85.0,3.1,57.0,3.2,65.0,3.0,65.0,6.0,-2,337.86,62.0,1.899
Colombia,Bogota,Latin America,396.35,542.54,794.36,935.3,0.0,1.42,500.0,0.54,90.52,3.63,11.43,0.66,0.87,28.8,1.96,2.57,3.27,5.28,7.92,1.19,1.45,2.35,1.43,1.1,2.23,8477.14,62.64,0.91,2.44,6.6,32.99,99.97,1.33,12.7,26.7,42.23,107.8,0.87,0.61,0.74,0.62,131.75,196.73,361.89,1.07,45.72,7.92,3.02,1.66,12.52,0.65,28077.89,18344.41,0.6,84.0,3,43.69,2.9,66.0,2.5,84.0,2.9,59.0,3.0,57.0,3.1,57.0,3.2,65.0,3.1,62.0,29.0,2,208.11,140.0,2.695
Colombia,Medellin,Latin America,436.21,622.57,804.69,1189.29,0.0,1.22,526.55,0.52,91.06,4.11,9.24,0.85,0.99,26.53,1.87,3.13,3.26,4.36,7.92,1.22,1.85,2.35,1.39,1.1,2.87,7276.65,71.2,0.9,2.32,6.6,34.31,107.79,1.14,11.14,29.08,65.46,117.27,0.92,0.52,0.71,0.58,120.66,273.75,594.57,1.27,40.28,6.99,2.82,1.45,16.59,0.67,29716.15,23224.82,0.67,84.0,3,43.69,2.9,66.0,2.5,84.0,2.9,59.0,3.0,57.0,3.1,57.0,3.2,65.0,3.1,62.0,29.0,2,208.11,140.0,2.695
Costa Rica,San Jose,Latin America,5.57,6.6,9.41,10.58,0.01,0.01,12.25,0.0,0.58,0.02,0.03,0.0,0.01,0.16,0.01,0.01,0.02,0.04,0.03,0.01,0.02,0.01,0.01,0.0,0.015,84.56,0.12,0.01,0.02,0.05,0.21,0.27,0.0,0.11,0.31,0.19,0.21,0.01,0.0,0.01,0.0,1.95,1.86,3.84,0.01,0.11,0.06,0.01,0.01,0.05,0.01,55.62,78.6,0.0,61.0,-1,69.94,2.9,66.0,2.8,59.0,2.7,68.0,2.8,75.0,2.9,65.0,3.2,65.0,2.9,72.0,43.0,3,161.77,54.0,1.843
Croatia,Dubrovnik,Western & Southern Europe,955.76,1525.03,1330.03,2080.91,4.41,0.77,1490.41,0.71,187.67,4.62,4.66,4.48,1.28,41.42,4.38,4.49,5.53,8.44,9.02,1.36,8.15,3.59,1.16,1.73,4.5600000000000005,7101.28,75.67,1.16,4.75,20.37,80.33,81.49,1.11,23.28,71.79,57.04,69.85,2.91,0.43,0.79,0.42,407.17,750.57,93.13,4.68,29.1,7.57,2.01,4.66,24.45,1.0,26080.71,34924.33,1.08,34.0,-1,135.5,3.3,43.0,3.0,47.0,3.0,55.0,3.6,14.0,3.4,42.0,3.2,65.0,3.4,41.0,53.0,4,132.79,19.0,1.519
Croatia,Split,Western & Southern Europe,775.48,1070.43,1384.4,2040.58,4.11,0.99,1664.98,0.91,233.6,7.03,9.31,3.02,1.3,43.13,3.07,3.93,6.0,9.31,11.06,1.76,5.24,3.98,1.92,1.73,3.775,13213.04,85.56,1.37,6.75,17.46,81.49,95.46,1.36,23.19,63.4,40.75,113.24,1.16,0.55,0.91,0.68,452.84,646.72,641.12,3.77,35.33,30.66,3.48,3.86,14.69,1.22,25991.85,33760.19,1.94,34.0,-1,135.5,3.3,43.0,3.0,47.0,3.0,55.0,3.6,14.0,3.4,42.0,3.2,65.0,3.4,41.0,53.0,4,132.79,19.0,1.519
Croatia,Zagreb,Western & Southern Europe,670.08,889.41,1104.67,1546.29,3.71,0.88,1945.1,0.83,216.66,6.09,8.15,2.54,1.3,37.87,2.5,5.29,5.82,8.73,8.15,1.82,3.49,4.05,1.73,1.73,3.56,12181.68,101.63,1.3,5.94,13.97,69.85,113.71,1.39,21.93,57.4,57.04,99.16,0.62,0.62,0.97,0.66,320.23,501.04,480.09,2.88,40.5,10.36,1.87,2.33,18.25,1.37,26593.29,33760.19,1.37,34.0,-1,135.5,3.3,43.0,3.0,47.0,3.0,55.0,3.6,14.0,3.4,42.0,3.2,65.0,3.4,41.0,53.0,4,132.79,19.0,1.519
Cyprus,Limassol,Western & Southern Europe,1359.31,1588.23,2051.8,2768.64,4.78,1.51,2773.05,1.02,231.58,6.24,9.31,1.27,1.13,35.54,4.09,4.16,6.15,11.64,9.31,1.66,4.66,4.51,2.07,1.65,4.285,10454.8,97.86,1.06,5.7,23.28,87.31,119.83,1.98,23.71,96.04,46.57,112.83,2.33,0.77,1.33,0.83,380.51,486.45,636.46,2.05,52.19,34.92,3.61,8.15,31.79,1.58,31373.69,34225.84,1.39,48.0,-4,107.31,3.2,51.0,2.9,56.0,2.8,63.0,3.1,47.0,3.2,53.0,3.5,46.0,3.4,41.0,49.0,1,155.71,68.0,1.933
Cyprus,Nicosia,Western & Southern Europe,674.52,782.75,1263.43,1664.04,5.27,1.46,1762.79,0.95,217.38,6.26,8.47,0.94,1.11,34.71,3.74,4.31,5.82,11.64,9.02,1.91,4.66,4.71,1.93,1.63,4.37,9482.98,98.79,0.98,6.39,17.46,69.85,121.56,2.01,22.44,75.23,58.21,104.28,2.79,0.72,1.05,0.8,215.53,293.5,526.41,1.69,56.93,52.39,3.26,6.29,21.47,1.55,33876.6,34225.84,1.35,48.0,-4,107.31,3.2,51.0,2.9,56.0,2.8,63.0,3.1,47.0,3.2,53.0,3.5,46.0,3.4,41.0,49.0,1,155.71,68.0,1.933
Czechia,Brno,Eastern Europe & The Balkans,817.27,1011.07,1235.86,1539.43,0.23,0.81,1958.9,0.8,322.79,6.47,7.04,1.36,0.8,21.35,3.49,4.61,7.59,11.94,9.55,0.91,2.63,3.27,1.34,1.71,2.355,13153.26,105.29,1.65,6.02,9.55,47.76,125.53,1.2,25.02,55.73,26.27,109.63,1.19,0.58,0.97,0.6,468.04,563.2,702.2,1.96,41.39,17.19,3.07,2.87,13.65,1.84,30388.94,32373.45,1.05,49.0,-2,101.67,,,,,,,,,,,,,,,80.0,5,89.97,11.0,1.435
Czechia,Prague,Eastern Europe & The Balkans,1020.76,1227.14,1667.62,2465.92,0.22,0.95,2303.3,0.88,350.96,7.2,7.16,1.58,0.85,24.82,4.02,4.12,8.07,11.94,10.51,1.21,2.87,3.82,1.56,1.71,2.71,16945.08,86.21,1.84,5.65,11.94,57.31,139.01,1.25,30.8,69.94,26.27,114.83,1.72,0.59,1.07,0.61,691.6,935.1,1044.19,2.03,50.5,17.19,2.69,2.87,17.16,1.71,32986.39,32373.45,1.19,49.0,-2,101.67,,,,,,,,,,,,,,,80.0,5,89.97,11.0,1.435
Ecuador,Cuenca,Latin America,356.62,469.23,534.29,715.71,11.16,0.86,546.44,0.48,37.85,3.39,10.0,0.68,1.13,28.78,2.64,2.41,5.5,7.38,8.0,1.48,2.0,2.26,1.54,0.72,3.335,4525.0,61.23,0.64,2.56,3.5,30.0,73.65,1.09,13.81,30.83,27.5,98.02,0.35,0.47,0.72,0.74,78.26,114.99,250.0,0.81,48.04,13.5,1.81,0.61,5.25,0.56,28201.8,25000.0,0.89,68.0,6,62.34,,,,,,,,,,,,,,,48.0,1,156.53,129.0,2.459
Ecuador,Quito,Latin America,336.14,483.0,543.94,824.94,10.56,1.05,646.82,0.52,32.42,3.93,10.0,1.04,1.01,27.15,3.0,3.11,6.0,7.0,7.85,1.59,2.5,2.21,1.58,0.78,4.03,8457.5,61.89,0.81,3.58,5.0,42.5,95.42,1.11,17.69,43.1,21.0,113.44,0.35,0.47,0.5,0.6,67.8,161.24,595.0,1.25,42.75,10.0,2.41,1.5,18.0,0.54,27715.25,21000.0,0.79,68.0,6,62.34,,,,,,,,,,,,,,,48.0,1,156.53,129.0,2.459
Estonia,Tallinn,Eastern Europe & The Balkans,611.18,813.19,1064.61,1536.18,4.53,1.09,2153.55,0.73,341.06,11.69,11.64,2.26,1.09,34.78,4.45,4.49,6.98,12.81,11.64,2.0,6.98,3.0,1.47,1.84,4.585,10255.67,113.17,2.11,5.79,17.46,93.13,148.92,1.19,19.41,57.87,34.92,111.86,2.33,0.4,1.3,0.49,339.71,508.85,637.88,2.53,48.31,17.64,1.87,4.66,41.47,1.64,34308.02,32013.97,1.4,17.0,5,170.59,3.6,26.0,3.2,37.0,3.5,39.0,3.4,26.0,3.7,28.0,4.1,10.0,3.8,23.0,67.0,2,94.36,24.0,1.559
France,Bordeaux,Western & Southern Europe,776.02,954.87,1360.59,1809.42,4.56,1.57,3140.09,1.06,243.56,10.35,10.48,1.66,0.72,30.99,3.42,6.69,13.68,12.86,12.81,4.17,8.15,4.8,1.96,2.04,5.675000000000001,13969.73,116.41,1.75,7.0,20.95,64.03,145.32,1.25,17.02,36.38,49.77,101.86,2.27,1.3,1.82,1.11,469.38,673.08,824.6,2.9,50.64,39.12,3.11,2.33,31.05,1.94,35902.21,35972.06,1.34,26.0,-1,151.91,3.9,13.0,3.7,14.0,3.8,19.0,3.7,8.0,3.8,20.0,4.1,10.0,4.0,16.0,3.0,-,348.02,74.0,1.967
France,Lyon,Western & Southern Europe,662.2,965.69,1135.69,1912.11,4.47,1.25,3177.68,1.18,292.62,12.65,9.31,2.01,0.97,35.7,4.03,6.85,14.55,15.13,12.81,3.11,8.15,4.41,1.97,2.03,4.67,11904.07,119.91,1.55,11.51,17.46,69.85,130.84,1.56,14.68,43.46,86.15,128.06,2.44,1.22,1.59,1.2,382.04,632.72,623.12,3.0,50.06,43.54,3.67,8.5,29.76,1.56,36387.82,35972.06,1.23,26.0,-1,151.91,3.9,13.0,3.7,14.0,3.8,19.0,3.7,8.0,3.8,20.0,4.1,10.0,4.0,16.0,3.0,-,348.02,74.0,1.967
France,Paris,Western & Southern Europe,1151.75,1567.16,2367.09,3517.05,3.83,1.53,3924.4,1.11,268.25,9.56,9.31,2.79,0.83,33.49,5.12,7.59,15.13,16.3,13.97,2.62,8.15,5.24,1.83,2.12,5.51,23182.41,116.36,1.87,11.3,17.46,81.49,165.82,1.58,16.38,44.38,103.61,121.01,2.91,1.2,1.35,1.01,901.68,1345.17,1437.25,4.44,50.47,47.8,2.81,9.31,20.65,1.79,37160.45,35972.06,1.32,26.0,-1,151.91,3.9,13.0,3.7,14.0,3.8,19.0,3.7,8.0,3.8,20.0,4.1,10.0,4.0,16.0,3.0,-,348.02,74.0,1.967
Georgia,Batumi,Eastern Europe & The Balkans,340.03,457.68,612.98,930.18,4.64,0.5,547.47,0.71,74.26,4.1,5.51,0.49,0.65,16.26,3.08,2.36,2.94,6.62,7.35,1.42,1.84,2.42,0.47,1.12,2.08,3131.13,87.5,1.39,2.76,9.19,29.41,96.69,1.78,9.4,54.92,9.19,131.13,0.11,0.24,0.64,0.28,93.29,136.54,246.32,0.92,39.83,3.4,1.01,1.1,13.79,0.78,19830.88,14705.88,0.75,20.0,-5,165.88,2.7,79.0,2.6,74.0,2.3,108.0,2.7,85.0,2.6,92.0,3.1,76.0,2.8,80.0,115.0,2,44.45,109.0,2.185
Georgia,Tbilisi,Eastern Europe & The Balkans,432.68,695.47,809.44,1349.05,4.39,0.64,623.0,0.76,84.8,4.62,7.35,0.52,0.68,20.05,3.11,3.04,3.31,6.25,8.82,1.71,2.57,2.56,0.7,1.14,2.9850000000000003,7811.9,77.24,1.33,3.76,11.03,44.12,105.26,1.97,11.72,61.99,14.71,117.4,0.37,0.28,0.86,0.35,131.8,236.41,260.06,0.9,42.34,9.19,1.18,1.47,19.76,0.96,20296.16,25031.25,0.78,20.0,-5,165.88,2.7,79.0,2.6,74.0,2.3,108.0,2.7,85.0,2.6,92.0,3.1,76.0,2.8,80.0,115.0,2,44.45,109.0,2.185
Germany,Berlin,Western & Southern Europe,1063.32,1499.53,2137.03,2828.87,4.05,1.62,3668.11,0.93,393.59,8.22,6.98,3.04,1.07,51.13,4.58,5.97,10.48,16.3,13.97,1.19,5.24,3.84,2.04,1.99,3.24,11161.23,91.15,1.53,6.55,17.46,69.85,116.59,1.29,18.34,36.36,73.34,103.11,4.42,0.73,1.27,0.94,555.86,803.63,133.22,3.73,39.58,38.42,5.25,5.82,32.81,1.68,39044.46,34220.02,1.61,59.0,-3,75.88,4.1,3.0,3.9,7.0,4.3,3.0,3.7,8.0,4.2,3.0,4.1,10.0,4.2,3.0,62.0,4,102.67,20.0,1.533
Germany,Munich,Western & Southern Europe,1372.67,1659.97,2604.28,3372.31,4.42,1.56,4726.89,1.0,401.25,8.68,6.98,3.28,1.18,45.32,4.56,5.39,10.13,17.46,13.97,1.18,5.82,4.12,2.05,2.03,3.765,16673.05,91.32,1.68,7.31,20.95,96.04,127.38,1.37,19.71,51.99,69.85,96.57,4.77,0.77,1.3,0.93,815.33,1165.33,1014.89,3.83,40.62,44.24,5.06,6.64,32.72,1.76,38455.56,33370.2,1.39,59.0,-3,75.88,4.1,3.0,3.9,7.0,4.3,3.0,3.7,8.0,4.2,3.0,4.1,10.0,4.2,3.0,62.0,4,102.67,20.0,1.533
Greece,Athens,Western & Southern Europe,617.0,722.07,1131.73,1349.44,5.37,1.02,1353.11,0.95,209.84,7.94,11.64,0.62,1.0,34.2,4.2,5.03,5.82,10.77,10.48,2.01,5.82,4.71,1.41,2.06,4.335,13072.05,102.27,1.09,6.9,17.46,69.85,125.65,1.8,27.8,57.28,31.43,105.02,1.4,0.57,0.66,0.61,327.56,375.72,645.47,2.63,45.55,17.46,1.78,4.19,26.57,1.02,29038.56,29080.33,1.58,31.0,-,138.64,3.7,19.0,3.2,37.0,3.7,25.0,3.8,4.0,3.8,20.0,3.9,21.0,3.9,20.0,72.0,6,92.79,45.0,1.764
Greece,Thessaloniki,Western & Southern Europe,487.0,623.24,828.75,1064.3,6.32,0.95,1148.25,0.93,222.77,6.93,9.31,0.66,1.06,31.2,4.56,5.22,5.59,10.48,11.64,1.98,5.82,4.88,1.27,2.1,4.3950000000000005,8647.01,89.98,1.09,6.11,17.46,61.12,120.44,1.69,26.2,45.27,18.63,103.4,0.7,0.54,0.8,0.54,250.66,347.72,451.55,2.84,38.11,12.57,1.69,4.07,19.41,1.12,30638.49,29103.61,1.23,31.0,-,138.64,3.7,19.0,3.2,37.0,3.7,25.0,3.8,4.0,3.8,20.0,3.9,21.0,3.9,20.0,72.0,6,92.79,45.0,1.764
Hungary,Budapest,Eastern Europe & The Balkans,641.82,835.63,1192.82,1579.86,0.02,1.0,1662.77,0.95,153.53,6.41,5.45,1.69,0.58,22.63,3.16,3.23,7.57,9.39,9.09,1.24,3.15,3.57,1.57,1.78,2.605,14780.47,102.8,1.57,4.97,12.12,66.64,120.25,1.21,25.68,72.1,27.18,112.07,1.51,0.54,1.04,0.48,368.63,515.13,474.53,1.86,43.48,19.99,2.14,3.33,18.38,1.47,35575.46,27714.68,1.09,55.0,-1,88.64,3.2,51.0,2.7,65.0,3.1,52.0,3.4,26.0,3.1,57.0,3.6,35.0,3.4,41.0,22.0,-1,243.9,17.0,1.5
Indonesia,Denpasar,Asia-Pacific,152.81,357.12,410.77,589.77,0.0,0.94,296.37,0.64,39.71,4.03,11.85,0.27,0.39,18.64,1.86,1.55,2.37,3.56,3.26,1.97,2.07,1.49,1.43,0.75,2.515,4964.17,35.56,0.95,3.05,1.93,26.67,44.46,1.2,4.84,27.66,11.85,62.24,0.25,0.94,0.65,0.59,78.78,210.28,155.59,0.58,21.49,3.26,0.48,0.89,13.89,0.72,33113.82,23709.46,0.46,73.0,2,56.03,3.0,61.0,2.8,59.0,2.9,59.0,3.0,57.0,2.9,65.0,3.3,59.0,3.0,65.0,114.0,4,44.62,49.0,1.786
Ireland,Cork,Western & Southern Europe,1598.23,1892.9,2642.61,3188.66,4.77,1.48,3765.19,1.43,247.65,6.65,13.97,2.25,2.04,51.93,4.49,6.02,20.95,13.97,11.64,4.02,6.98,4.28,1.83,2.07,4.925000000000001,5587.89,105.95,1.34,6.19,20.95,96.04,121.14,1.54,21.83,62.79,79.16,102.21,2.27,0.93,1.58,1.13,327.87,474.38,1104.88,2.99,47.04,34.23,2.53,5.36,17.02,2.29,39295.17,41720.02,0.84,62.0,1,69.28,3.6,26.0,3.4,24.0,3.5,39.0,3.6,14.0,3.6,33.0,3.7,30.0,3.7,29.0,34.0,3,203.97,2.0,1.26
Ireland,Dublin,Western & Southern Europe,2127.21,2482.76,3445.49,4305.04,4.44,1.43,4265.44,0.95,264.11,6.95,13.97,2.44,2.13,54.52,4.84,5.33,21.68,15.13,13.97,4.18,8.15,4.76,2.26,2.08,5.375,12086.61,109.21,1.36,4.75,23.28,104.77,106.76,1.77,21.94,58.49,111.76,121.01,2.33,0.71,1.3,0.81,566.87,760.73,1300.22,3.19,51.73,37.02,2.53,5.36,21.9,2.49,39323.47,40547.15,1.13,62.0,1,69.28,3.6,26.0,3.4,24.0,3.5,39.0,3.6,14.0,3.6,33.0,3.7,30.0,3.7,29.0,34.0,3,203.97,2.0,1.26
Italy,Florence,Western & Southern Europe,943.08,1259.22,1607.21,2344.3,3.62,1.35,2041.19,1.19,209.86,12.47,7.71,1.53,0.64,33.89,2.21,5.16,7.26,11.64,13.97,2.03,6.98,5.54,2.03,2.05,4.955,18584.66,91.26,1.71,10.65,23.28,93.13,142.41,1.87,11.73,75.47,45.05,106.6,1.98,0.8,1.51,1.0,370.7,577.73,814.9,3.45,40.07,32.13,2.06,3.84,24.16,1.49,36670.55,37757.86,1.47,53.0,-3,91.21,3.7,19.0,3.4,24.0,3.8,19.0,3.4,26.0,3.8,20.0,3.9,21.0,3.9,20.0,58.0,2,113.34,33.0,1.662
Italy,Milan,Western & Southern Europe,1182.05,1719.76,2106.66,3576.25,3.57,1.3,2253.19,1.13,256.36,10.5,9.31,1.84,0.61,30.31,2.31,6.34,7.22,11.64,13.97,2.22,6.98,5.15,2.62,2.07,4.49,18480.49,111.21,2.08,9.71,23.28,101.86,172.91,1.8,11.41,86.48,45.4,113.47,2.56,1.04,1.57,1.19,478.56,1011.63,870.42,3.46,58.91,49.48,3.75,7.63,37.1,1.83,36961.58,37252.62,1.51,53.0,-3,91.21,3.7,19.0,3.4,24.0,3.8,19.0,3.4,26.0,3.8,20.0,3.9,21.0,3.9,20.0,58.0,2,113.34,33.0,1.662
Italy,Rome,Western & Southern Europe,974.97,1460.77,1814.12,2785.91,3.81,1.23,2175.13,1.07,219.69,9.31,5.82,1.49,0.51,32.13,2.27,5.33,7.22,11.64,11.64,1.71,5.82,4.68,1.91,1.98,4.92,13401.94,78.16,1.39,8.6,18.04,75.67,122.24,1.91,11.56,71.47,40.75,81.85,1.75,0.9,1.15,0.8,346.81,831.94,556.48,2.71,37.87,34.92,2.81,5.82,23.97,1.14,32967.67,30267.75,1.41,53.0,-3,91.21,3.7,19.0,3.4,24.0,3.8,19.0,3.4,26.0,3.8,20.0,3.9,21.0,3.9,20.0,58.0,2,113.34,33.0,1.662
Japan,Kyoto,Asia-Pacific,329.81,564.76,784.96,1790.56,0.01,2.31,1888.34,1.06,102.83,5.1,9.23,0.73,0.97,31.03,3.39,2.89,3.95,12.41,5.09,1.6,3.18,2.14,1.48,1.11,4.69,5104.38,56.49,1.17,3.95,9.55,31.82,93.35,1.75,24.03,53.08,81.07,69.61,1.46,0.77,2.31,0.67,,,652.9,0.86,45.79,,7.17,3.34,19.09,1.64,15321.41,21855.91,1.87,63.0,-1,68.49,3.9,13.0,3.9,7.0,4.2,5.0,3.3,38.0,4.1,9.0,4.0,17.0,4.0,16.0,19.0,4,248.85,12.0,1.44
Japan,Osaka,Asia-Pacific,534.62,676.06,802.29,1652.24,0.01,1.5,2063.02,0.9,131.4,8.31,9.55,0.73,0.81,27.53,2.99,2.83,3.95,12.09,4.46,1.92,2.7,2.14,1.21,1.1,3.42,13153.43,42.08,1.24,4.39,6.36,31.82,90.34,1.41,20.79,56.75,32.78,68.86,1.53,0.53,1.06,0.7,194.83,571.38,519.44,1.25,27.05,21.64,3.07,4.14,18.56,1.84,15127.29,21563.14,2.6,63.0,-1,68.49,3.9,13.0,3.9,7.0,4.2,5.0,3.3,38.0,4.1,9.0,4.0,17.0,4.0,16.0,19.0,4,248.85,12.0,1.44
Japan,Tokyo,Asia-Pacific,648.34,1171.62,1241.81,2109.09,0.01,2.22,2602.73,1.07,157.81,9.51,9.55,0.78,0.82,29.87,3.24,3.43,3.88,12.73,5.09,1.86,3.18,2.28,1.22,1.12,3.88,16148.31,50.51,1.29,5.42,7.48,41.69,81.52,1.45,23.44,68.06,76.37,54.04,1.34,1.45,2.04,1.43,471.35,1013.13,1079.71,1.21,36.19,18.71,5.12,3.18,27.22,2.49,15287.29,21703.16,2.6,63.0,-1,68.49,3.9,13.0,3.9,7.0,4.2,5.0,3.3,38.0,4.1,9.0,4.0,17.0,4.0,16.0,19.0,4,248.85,12.0,1.44
Latvia,Riga,Eastern Europe & The Balkans,403.47,590.77,768.51,1130.12,5.38,0.84,1585.31,0.88,352.19,5.67,8.15,1.37,0.94,21.75,3.69,3.86,5.82,10.71,8.15,1.96,5.82,3.7,1.56,1.82,3.91,17114.17,83.13,1.75,5.22,16.3,69.85,137.37,1.29,21.69,52.32,34.92,85.96,1.75,0.5,1.2,0.54,186.11,292.76,556.97,1.93,46.34,19.73,1.33,3.49,32.78,1.71,31606.52,29103.61,1.34,30.0,-,141.23,3.5,34.0,3.3,31.0,3.3,44.0,3.2,43.0,3.7,28.0,4.0,17.0,3.6,34.0,54.0,2,132.48,22.0,1.558
Lithuania,Vilnius,Eastern Europe & The Balkans,670.68,853.76,1010.47,1468.02,4.84,0.76,1880.58,0.73,266.87,5.66,9.31,2.31,0.9,18.71,3.6,3.42,6.23,9.31,8.15,1.71,5.82,3.14,1.41,1.7,3.985,10776.82,85.65,1.77,5.25,13.97,75.67,141.55,1.5,13.69,42.83,44.24,104.58,1.16,0.42,0.92,0.41,315.55,567.1,616.71,2.05,43.43,14.67,2.06,3.2,35.01,1.48,30718.86,30849.83,1.2,36.0,-1,129.17,3.4,38.0,3.2,37.0,3.5,39.0,3.4,26.0,3.6,33.0,3.6,35.0,3.1,62.0,32.0,-2,205.6,22.0,1.558
Malaysia,Kuala Lumpur,Asia-Pacific,399.04,667.91,701.9,1214.0,1.13,1.48,1493.06,0.81,65.36,4.47,19.04,0.52,0.74,27.78,3.39,2.22,4.57,5.33,5.08,3.44,4.7,2.43,1.02,0.61,5.63,10870.17,67.78,1.24,7.03,5.08,30.46,96.58,2.28,9.58,49.47,12.69,92.76,0.76,0.69,1.24,0.61,144.63,367.85,308.87,0.99,42.43,5.08,2.04,1.27,7.09,0.76,35980.62,43147.21,0.81,28.0,-,147.24,3.6,26.0,3.3,31.0,3.6,30.0,3.7,8.0,3.7,28.0,3.7,30.0,3.7,29.0,42.0,2,165.48,13.0,1.469
Malaysia,Penang,Asia-Pacific,250.54,438.0,496.95,608.19,1.1,1.35,1020.99,0.8,41.29,4.08,19.8,0.38,0.59,31.8,3.04,2.13,4.75,5.33,4.82,3.05,4.44,2.4,1.02,0.57,4.405,11113.12,60.6,1.15,6.2,3.81,20.3,70.19,2.03,10.18,32.23,12.69,86.21,0.51,0.53,1.18,0.51,111.51,215.36,418.78,0.79,36.37,7.61,0.63,1.78,5.08,0.68,36278.55,43289.34,0.82,28.0,-,147.24,3.6,26.0,3.3,31.0,3.6,30.0,3.7,8.0,3.7,28.0,3.7,30.0,3.7,29.0,42.0,2,165.48,13.0,1.469
Malta,Valletta,Western & Southern Europe,1056.26,1293.95,1847.11,2920.06,5.89,1.65,2229.28,1.15,152.43,7.26,5.82,2.33,1.16,31.43,2.72,4.68,6.58,11.82,11.64,2.49,5.26,3.9,1.35,1.56,3.24,12805.59,103.0,2.33,4.62,17.46,93.13,170.65,1.36,32.49,59.72,0.0,145.68,2.91,1.32,1.46,0.64,379.39,510.05,263.14,2.91,74.14,33.99,2.99,4.07,21.34,1.5,39780.27,26314.17,1.71,,,,3.3,43.0,3.4,24.0,3.7,25.0,3.0,57.0,3.4,42.0,3.2,65.0,3.4,41.0,33.0,3,204.8,,
Mauritius,Port Louis,Middle East & Africa,275.31,479.32,604.26,761.33,0.14,0.97,614.15,0.96,45.0,5.12,8.47,0.56,0.8,30.88,2.42,2.22,6.35,6.35,7.41,1.66,3.18,2.52,0.69,1.35,3.545,7682.48,82.06,0.71,3.79,5.82,38.12,75.18,1.58,10.17,25.41,21.18,113.83,0.93,0.44,0.64,0.44,98.9,383.24,169.42,1.03,68.83,15.88,5.11,4.24,3.88,1.1,30055.46,34413.38,0.51,,,,2.5,97.0,2.4,90.0,2.5,80.0,1.9,138.0,2.5,103.0,3.1,76.0,2.9,72.0,100.0,4,57.32,26.0,1.586
Mexico,Guadalajara,Latin America,529.32,890.88,1042.02,1739.62,0.64,1.28,736.13,0.73,53.03,5.49,11.37,1.05,1.19,30.03,3.71,4.14,4.83,5.4,9.1,1.84,2.84,2.43,2.43,1.43,4.075,11545.39,60.17,1.43,4.66,11.37,44.06,87.11,1.61,24.13,29.96,31.84,118.35,0.57,0.93,0.98,0.89,186.5,297.53,260.56,1.54,45.0,12.51,2.29,2.84,11.59,0.76,25245.99,22000.57,0.76,87.0,3,43.33,2.9,66.0,2.5,84.0,2.8,63.0,2.8,75.0,3.0,61.0,3.5,46.0,3.1,62.0,70.0,3,93.19,135.0,2.636
Mexico,Mexico City,Latin America,705.61,1153.08,1362.92,2566.39,0.65,1.4,1034.22,0.82,52.02,5.96,14.21,1.34,1.26,35.68,3.94,4.14,4.83,6.82,10.52,1.84,3.7,2.67,2.46,1.41,5.65,11164.11,72.9,1.52,4.98,11.37,52.59,123.55,1.81,27.27,54.25,20.47,112.8,0.34,0.98,1.02,0.98,203.23,340.2,462.28,1.75,52.04,5.74,0.73,1.48,30.42,0.87,25932.35,22000.57,0.83,87.0,3,43.33,2.9,66.0,2.5,84.0,2.8,63.0,2.8,75.0,3.0,61.0,3.5,46.0,3.1,62.0,70.0,3,93.19,135.0,2.636
Mexico,Playa del Carmen,Latin America,370.88,1049.51,1155.96,1743.42,0.66,1.35,743.11,0.65,87.56,5.59,10.23,1.56,1.14,30.47,3.84,3.98,4.38,4.89,12.48,1.58,4.55,2.43,1.93,1.44,4.17,4093.23,45.26,1.18,4.13,11.37,45.48,90.31,1.62,26.29,63.66,28.43,92.42,0.57,1.0,0.94,0.89,594.67,364.57,214.61,1.21,42.84,10.23,5.69,4.55,25.58,0.91,24902.41,22000.57,0.77,87.0,3,43.33,2.9,66.0,2.5,84.0,2.8,63.0,2.8,75.0,3.0,61.0,3.5,46.0,3.1,62.0,70.0,3,93.19,135.0,2.636
Montenegro,Podgorica,Eastern Europe & The Balkans,500.77,672.13,908.81,1232.15,6.38,0.72,1172.65,0.77,117.42,5.74,5.82,1.48,0.79,33.9,2.25,3.97,4.19,5.82,9.31,1.09,3.2,3.29,0.95,1.71,2.665,7797.44,86.05,1.92,4.17,11.64,46.57,110.1,1.36,17.66,47.95,34.92,96.4,1.05,0.5,0.78,0.45,209.72,277.04,346.11,2.64,48.68,11.64,1.32,0.76,12.61,1.12,27507.07,31727.59,1.11,,,,2.8,73.0,2.6,74.0,2.5,80.0,2.8,75.0,2.8,76.0,3.2,65.0,3.2,54.0,55.0,-1,131.02,34.0,1.685
Morocco,Casablanca,Middle East & Africa,356.0,603.03,573.17,1117.1,0.54,0.76,558.91,0.69,51.35,5.39,8.08,0.47,0.56,40.74,2.31,3.34,4.31,8.62,8.08,2.96,4.04,1.93,0.67,1.46,4.3,6155.77,63.31,0.46,5.53,5.39,32.33,72.02,0.98,13.38,31.28,26.94,102.52,0.86,0.32,0.37,0.29,109.49,204.18,494.66,0.75,53.37,4.78,1.29,0.86,24.55,0.33,29775.78,35452.59,0.9,39.0,-,124.32,,,,,,,,,,,,,,,101.0,4,55.71,85.0,2.012
Morocco,Marrakech,Middle East & Africa,293.89,475.4,472.52,729.17,0.51,0.74,501.76,0.65,34.07,5.25,7.54,0.63,0.62,40.41,2.43,2.53,4.31,6.73,6.47,2.54,5.91,2.02,0.49,1.45,4.255,6223.0,42.0,0.28,3.17,4.04,32.33,80.28,0.93,11.38,26.94,10.78,101.02,0.43,0.36,0.41,0.31,94.71,168.64,104.21,1.61,49.33,5.39,1.21,0.86,23.28,0.36,31065.27,33836.21,0.77,39.0,-,124.32,,,,,,,,,,,,,,,101.0,4,55.71,85.0,2.012
Panama,Panama City,Latin America,1011.07,1289.44,1538.24,2131.92,6.32,1.78,938.83,0.75,127.43,4.55,10.2,1.37,1.72,46.98,3.55,3.05,6.0,8.0,7.0,1.45,3.0,2.94,2.32,0.91,3.3,11716.92,49.38,2.28,4.93,10.0,50.0,127.86,1.86,30.58,44.09,21.0,89.38,0.35,1.72,1.49,1.11,161.22,289.64,500.0,1.7,50.0,22.0,2.96,2.5,40.47,1.46,20527.78,21262.0,1.25,94.0,1,34.53,3.1,57.0,3.0,47.0,3.3,44.0,3.1,47.0,3.0,61.0,3.4,55.0,2.9,72.0,27.0,6,214.96,84.0,2.006
Philippines,Manila,Asia-Pacific,276.96,544.72,727.44,1851.76,0.13,1.48,484.22,0.87,123.38,3.53,10.26,0.88,0.63,25.96,2.72,2.26,3.25,7.01,4.28,1.5,1.62,2.26,1.21,1.08,2.6950000000000003,12024.75,51.57,2.14,3.91,5.99,25.65,53.72,1.91,14.81,43.66,13.68,78.81,0.51,1.3,1.46,1.09,246.87,416.47,509.62,1.44,31.34,2.05,0.4,0.77,5.7,1.02,21603.93,22917.74,0.46,74.0,-1,54.53,3.3,43.0,2.8,59.0,3.2,47.0,3.1,47.0,3.3,46.0,3.9,21.0,3.3,49.0,61.0,2,103.91,105.0,2.148
Poland,Warsaw,Eastern Europe & The Balkans,913.78,1200.0,1546.56,2096.07,1.93,0.65,2178.24,0.83,327.01,7.42,8.17,2.18,0.73,18.34,4.43,3.31,6.27,9.54,9.54,1.44,4.9,3.89,1.32,1.66,3.51,16005.19,104.56,1.59,4.72,10.9,57.22,116.91,1.13,9.81,50.16,29.97,97.85,1.14,0.53,0.97,0.47,370.94,586.39,601.11,2.38,47.74,13.62,2.19,2.72,29.07,1.51,32197.47,32668.94,0.85,47.0,-2,109.68,3.6,26.0,3.4,24.0,3.5,39.0,3.3,38.0,3.6,33.0,3.9,21.0,3.8,23.0,28.0,-,214.57,36.0,1.713
Portugal,Braga,Western & Southern Europe,733.03,933.06,1126.47,1520.37,4.13,1.09,1300.15,0.65,126.11,7.03,5.24,1.19,1.07,48.51,1.89,3.73,6.75,9.31,9.31,1.27,3.49,3.41,1.72,2.0,2.165,10373.69,68.18,1.25,4.52,11.64,58.21,101.44,1.11,23.59,49.42,23.28,88.6,1.8,0.94,0.86,0.88,181.14,240.64,349.24,2.11,38.79,17.23,2.9,4.48,14.17,1.32,39662.4,34974.39,0.84,27.0,-4,148.26,3.4,38.0,3.2,37.0,3.6,30.0,3.1,47.0,3.6,33.0,3.6,35.0,3.2,54.0,21.0,-1,245.44,7.0,1.371
Portugal,Lisbon,Western & Southern Europe,1191.01,1591.66,1935.39,2979.15,4.09,0.97,1550.94,0.81,176.93,7.23,5.82,1.57,0.87,37.14,2.55,3.71,6.75,9.31,11.64,1.34,3.49,3.91,1.7,2.07,3.0650000000000004,16247.01,106.0,1.71,5.66,13.97,58.21,131.55,1.19,18.42,51.14,46.57,105.88,2.33,0.9,0.91,0.85,406.43,713.14,627.01,2.57,46.57,17.99,1.79,4.07,20.8,1.09,40006.48,34974.39,0.77,27.0,-4,148.26,3.4,38.0,3.2,37.0,3.6,30.0,3.1,47.0,3.6,33.0,3.6,35.0,3.2,54.0,21.0,-1,245.44,7.0,1.371
Portugal,Porto,Western & Southern Europe,971.04,1259.32,1663.48,2239.52,4.31,0.99,1537.93,0.66,140.94,6.88,5.82,1.44,0.79,39.24,2.2,3.36,6.46,9.31,9.31,1.27,3.49,3.54,1.46,2.0,3.51,10708.18,113.31,1.64,5.67,13.39,58.21,109.15,1.12,18.25,47.87,46.57,97.56,1.8,0.91,0.83,0.77,355.58,475.04,575.62,2.32,36.46,17.46,1.41,4.07,17.24,1.15,39303.31,34974.39,0.72,27.0,-4,148.26,3.4,38.0,3.2,37.0,3.6,30.0,3.1,47.0,3.6,33.0,3.6,35.0,3.2,54.0,21.0,-1,245.44,7.0,1.371
Romania,Bucharest,Eastern Europe & The Balkans,444.22,663.29,787.06,1206.31,1.64,0.66,1449.06,0.78,184.07,5.62,7.08,1.97,0.91,10.66,3.32,3.42,6.85,9.13,7.99,1.26,3.42,3.74,1.18,1.71,2.64,16136.18,87.17,0.93,4.45,13.7,68.49,108.89,1.64,7.72,53.87,22.72,94.18,0.91,0.41,0.77,0.41,211.21,378.34,739.6,2.34,42.5,6.85,1.1,0.68,25.28,1.11,29000.55,29636.16,0.75,57.0,-2,80.45,3.2,51.0,2.7,65.0,2.9,59.0,3.4,26.0,3.3,46.0,3.6,35.0,3.5,37.0,16.0,-1,268.82,38.0,1.721
Serbia,Belgrade,Eastern Europe & The Balkans,598.67,916.88,1199.46,1766.62,0.05,0.76,1192.21,0.95,222.93,6.53,8.42,2.26,0.71,35.48,2.92,3.48,4.66,8.04,11.89,0.93,3.53,2.76,0.89,1.87,2.8,10243.36,119.18,0.81,4.69,13.78,57.48,149.41,1.4,21.35,42.03,0.0,115.26,0.0,0.38,0.94,0.48,287.75,466.38,452.73,2.89,44.82,17.84,1.67,3.17,26.03,1.06,25982.6,31723.55,1.3,12.0,2,196.57,2.8,73.0,2.2,110.0,2.4,89.0,2.9,68.0,2.7,81.0,3.4,55.0,2.9,72.0,63.0,1,100.94,64.0,1.914
Slovakia,Bratislava,Eastern Europe & The Balkans,765.91,1033.76,1229.07,1697.52,4.67,0.94,1733.76,0.91,246.86,5.86,5.82,1.76,0.93,20.8,3.48,3.99,6.46,12.81,11.06,1.16,3.49,4.12,1.69,1.78,2.75,17364.18,93.85,1.63,7.05,11.93,69.85,107.97,1.32,23.74,55.38,47.15,92.89,1.4,0.86,1.21,0.85,383.24,550.23,786.89,2.27,41.51,34.92,2.81,5.82,22.26,2.11,27807.53,27112.92,0.93,43.0,-1,119.01,,,,,,,,,,,,,,,64.0,3,100.34,28.0,1.609
Slovenia,Ljubljana,Eastern Europe & The Balkans,870.58,1059.9,1504.66,2108.68,4.39,0.95,1911.16,0.79,321.84,5.86,6.98,2.11,0.94,43.67,2.71,4.73,6.29,9.31,9.78,1.55,3.49,3.97,1.98,1.77,3.39,14246.22,108.94,1.8,6.65,16.88,69.85,141.22,1.53,19.29,52.88,43.07,108.79,1.51,0.75,1.02,0.63,455.74,595.15,613.86,3.18,41.64,19.77,2.04,2.27,20.29,1.59,25317.56,30440.05,1.41,29.0,-2,144.65,3.3,43.0,3.4,24.0,3.6,30.0,3.4,26.0,3.3,46.0,3.3,59.0,3.0,65.0,45.0,8,159.52,9.0,1.409
South Africa,Cape Town,Middle East & Africa,638.24,997.38,1206.92,1707.11,0.69,0.82,1678.41,0.8,133.31,3.76,6.43,1.04,1.15,38.09,2.39,2.73,3.37,8.41,5.57,1.45,3.06,2.88,1.08,1.32,2.845,5210.41,58.33,1.25,4.15,12.24,48.96,96.39,1.31,34.73,48.1,61.2,123.79,1.13,0.65,0.79,0.71,137.31,197.08,269.52,1.33,36.59,5.05,1.62,1.22,10.36,0.86,29653.11,36046.51,1.0,65.0,-1,65.91,3.7,19.0,3.3,31.0,3.6,30.0,3.6,14.0,3.8,20.0,3.8,25.0,3.8,23.0,111.0,4,48.39,124.0,2.347
South Korea,Busan,Asia-Pacific,314.02,636.8,651.83,1212.14,0.0,4.65,2537.27,1.51,174.25,10.33,17.07,1.3,1.2,27.32,3.66,4.34,3.07,10.93,5.46,2.21,3.41,2.56,2.63,1.15,4.140000000000001,19928.77,95.61,2.56,4.57,6.83,44.39,116.09,2.08,38.65,57.19,54.63,85.36,1.02,1.38,3.36,2.48,648.05,810.44,455.26,1.62,59.75,15.37,1.1,3.28,11.34,2.46,26184.22,26885.65,1.3,7.0,-,252.97,,,,,,,,,,,,,,,20.0,2,247.37,41.0,1.736
South Korea,Seoul,Asia-Pacific,547.26,849.59,1081.37,2030.61,0.0,3.33,3172.44,1.47,150.77,12.99,19.8,0.79,1.15,20.09,3.62,4.28,3.07,10.24,6.76,2.22,3.41,2.96,2.93,1.15,4.24,21391.11,54.15,2.44,6.19,8.88,61.46,94.34,2.01,30.77,56.1,44.39,80.86,1.06,1.23,2.47,1.62,1100.05,2207.92,1244.35,1.54,38.08,8.19,0.93,3.28,19.55,2.78,26165.19,26885.65,1.43,7.0,-,252.97,,,,,,,,,,,,,,,20.0,2,247.37,41.0,1.736
Spain,Barcelona,Western & Southern Europe,1251.94,1644.33,1895.23,2499.15,3.62,1.4,2480.0,1.04,186.44,8.92,6.98,1.92,0.88,38.51,2.97,4.11,7.12,11.64,13.97,1.4,4.66,4.21,1.7,1.77,3.62,16238.03,83.68,1.57,7.56,18.04,69.85,117.33,1.25,20.16,56.02,26.54,105.49,3.08,0.88,1.04,0.92,449.6,641.99,767.68,2.68,38.08,34.87,3.49,3.49,21.09,1.32,32130.38,36670.55,0.87,51.0,-2,94.11,3.9,13.0,3.6,20.0,3.8,19.0,3.7,8.0,3.9,14.0,4.2,4.0,4.1,11.0,14.0,-,274.21,25.0,1.578
Spain,Madrid,Western & Southern Europe,1151.39,1509.9,1812.81,2736.68,3.64,1.23,2636.05,1.07,201.07,8.3,8.15,2.04,0.9,34.09,2.95,4.05,6.98,11.64,11.64,1.4,4.07,3.75,1.36,1.83,3.505,17445.42,99.02,1.37,7.74,17.46,69.85,114.96,1.27,18.66,51.7,40.75,101.72,1.75,0.99,1.2,0.92,413.24,797.29,688.59,3.12,39.07,29.1,2.43,4.07,16.47,1.26,33250.08,36670.55,0.83,51.0,-2,94.11,3.9,13.0,3.6,20.0,3.8,19.0,3.7,8.0,3.9,14.0,4.2,4.0,4.1,11.0,14.0,-,274.21,25.0,1.578
Sri Lanka,Colombo,Asia-Pacific,230.07,457.97,369.03,1133.08,0.04,3.14,227.05,0.46,50.3,3.5,12.89,0.33,0.51,18.31,2.69,2.05,10.31,3.87,7.25,2.09,2.26,1.67,0.5,1.03,3.01,1243.08,27.65,1.04,6.23,4.59,23.37,40.28,1.74,4.18,13.63,8.22,83.29,0.18,0.53,2.31,0.48,116.79,345.63,37.6,0.75,18.9,0.97,0.62,0.42,5.58,0.57,37666.38,48341.87,0.4,92.0,-,40.39,2.8,73.0,2.5,84.0,2.4,89.0,2.8,75.0,2.7,81.0,3.3,59.0,3.0,65.0,126.0,5,35.79,97.0,2.075
Taiwan,Taipei,Asia-Pacific,511.23,780.84,1029.4,1653.04,0.07,2.18,1615.68,1.57,74.81,9.07,15.0,0.63,1.18,25.94,3.65,4.28,3.79,10.1,5.37,1.76,3.14,2.69,1.59,0.97,2.93,18348.95,62.64,1.67,8.77,6.0,47.36,113.07,3.05,18.25,41.79,37.89,83.78,0.79,0.99,1.39,1.24,763.69,1284.73,643.66,0.94,36.35,9.47,1.27,2.68,15.95,2.02,24800.3,34196.4,1.43,40.0,1,122.5,,,,,,,,,,,,,,,17.0,-,268.59,40.0,1.73
Thailand,Bangkok,Asia-Pacific,344.63,699.79,791.27,2311.18,0.18,1.66,802.31,0.87,104.07,5.06,17.44,0.42,0.62,19.82,2.87,1.53,4.6,8.08,6.34,1.89,3.17,2.61,1.58,1.2,4.075,15205.03,64.02,1.35,7.43,3.17,31.71,101.87,1.99,13.35,68.17,38.05,103.04,1.27,0.68,1.06,0.76,303.22,597.17,545.5,0.75,40.92,6.34,2.04,1.11,15.25,0.93,28417.43,33291.06,0.67,32.0,-,137.4,3.5,34.0,3.3,31.0,3.7,25.0,3.5,22.0,3.5,38.0,3.5,46.0,3.6,34.0,15.0,-3,272.99,86.0,2.017
Thailand,Chiang Mai,Asia-Pacific,276.21,483.99,548.75,917.76,0.18,1.16,646.53,0.49,68.11,5.05,19.02,0.36,0.54,19.2,1.93,1.52,4.62,6.98,7.93,1.81,2.38,2.23,1.57,1.28,3.645,15815.19,58.52,0.81,7.87,2.06,19.82,81.63,2.01,13.83,40.82,57.07,100.89,0.95,0.55,0.76,0.66,143.21,191.81,833.93,0.79,26.49,1.9,1.53,1.27,4.06,0.75,27975.06,22194.04,0.56,32.0,-,137.4,3.5,34.0,3.3,31.0,3.7,25.0,3.5,22.0,3.5,38.0,3.5,46.0,3.6,34.0,15.0,-3,272.99,86.0,2.017
Thailand,Phuket,Asia-Pacific,488.27,683.38,1497.15,2140.93,0.18,1.43,533.71,0.94,113.56,5.16,20.18,0.44,0.6,19.57,3.21,1.48,4.62,8.08,9.51,1.87,2.22,2.22,1.6,1.32,3.51,16351.31,67.17,1.15,8.26,6.66,47.56,93.78,2.01,12.02,61.4,23.35,98.15,1.51,0.65,1.07,0.69,279.83,394.7,637.29,0.76,29.83,5.14,1.48,3.17,12.38,1.04,28344.96,28535.19,0.79,32.0,-,137.4,3.5,34.0,3.3,31.0,3.7,25.0,3.5,22.0,3.5,38.0,3.5,46.0,3.6,34.0,15.0,-3,272.99,86.0,2.017
Turkey,Antalya,Middle East & Africa,425.54,539.5,668.68,950.99,0.93,0.68,908.01,0.88,93.53,8.38,6.82,0.47,0.62,13.88,3.25,2.53,2.22,5.97,9.1,1.97,3.18,2.39,0.93,1.15,2.9850000000000003,10862.12,55.02,0.85,4.29,9.1,45.48,75.32,0.99,10.83,51.85,27.29,86.6,0.74,0.22,0.45,0.29,123.62,234.12,645.21,1.27,30.36,8.87,1.1,0.95,19.21,0.59,42971.55,47703.5,1.03,,,,,,,,,,,,,,,,,,,,,,
Turkey,Istanbul,Middle East & Africa,656.18,1025.9,1152.7,1836.85,0.99,0.99,1202.49,1.08,69.22,9.41,11.37,0.58,0.58,14.78,3.93,2.75,2.27,9.1,9.1,2.28,4.55,2.52,0.76,1.21,4.55,20159.27,53.49,0.89,4.5,11.37,50.02,93.11,1.13,11.44,64.19,62.48,106.64,0.8,0.22,0.7,0.25,159.15,286.38,989.06,1.61,38.86,7.96,1.3,1.23,19.37,0.65,44971.77,45975.44,1.03,,,,,,,,,,,,,,,,,,,,,,
UAE,Abu Dhabi,Middle East & Africa,1294.6,1685.9,2730.55,3665.97,1.44,1.09,2652.13,0.83,156.1,5.15,13.62,0.5,0.62,97.06,5.59,4.02,6.27,13.62,9.54,2.36,10.9,3.39,1.47,0.75,6.625,13783.6,55.65,1.71,4.81,8.17,68.12,97.57,1.83,47.07,63.79,25.89,95.04,0.68,0.63,0.8,0.53,277.16,461.54,654.52,1.24,46.77,8.17,0.88,3.27,41.6,0.62,22118.53,45456.95,1.12,,,,,,,,,,,,,,,,,,,,,,
UAE,Dubai,Middle East & Africa,1440.74,2335.49,3075.75,4377.4,1.23,1.16,4067.35,0.83,241.8,5.32,19.07,0.84,0.62,96.43,5.94,3.81,6.27,14.17,9.54,2.47,13.62,3.59,1.24,0.78,8.385,16399.77,70.0,1.4,5.05,10.9,81.74,113.5,1.84,59.9,74.0,87.19,107.88,1.63,0.48,0.82,0.49,374.9,673.05,805.76,1.47,62.15,8.17,1.1,3.27,49.36,0.61,22276.72,32697.55,1.11,,,,,,,,,,,,,,,,,,,,,,
Uruguay,Montevideo,Latin America,528.8,656.1,863.26,1097.6,0.15,1.5,1137.31,1.26,211.45,5.12,10.37,1.92,1.89,51.33,4.61,5.31,5.7,11.92,13.02,2.54,4.66,5.41,2.68,2.0,3.54,10643.05,101.78,1.49,6.58,18.79,62.19,128.91,1.32,19.96,58.03,77.74,122.58,1.55,1.07,0.76,1.05,215.76,333.2,563.26,2.48,53.25,10.96,0.59,1.94,22.03,1.82,37968.99,29084.29,0.82,,,,3.0,61.0,2.9,56.0,2.7,68.0,2.7,85.0,3.1,57.0,3.2,65.0,3.3,49.0,38.0,1,184.18,48.0,1.784
Vietnam,Da Nang,Asia-Pacific,290.05,455.89,671.17,852.75,0.0,1.15,333.05,0.49,76.5,4.11,7.65,0.32,0.48,7.45,1.57,1.72,1.49,3.06,4.59,0.81,1.15,1.51,1.09,0.81,2.26,14906.66,35.4,0.88,5.64,1.91,19.13,76.53,1.45,5.78,21.47,3.83,99.97,0.31,0.52,0.55,0.47,117.43,353.13,160.71,0.55,22.0,19.13,1.13,1.15,5.28,0.58,27742.31,30535.67,0.54,15.0,-2,174.98,3.3,43.0,3.1,43.0,3.2,47.0,3.3,38.0,3.2,53.0,3.3,59.0,3.4,41.0,10.0,-1,284.99,38.0,1.721
Vietnam,Hanoi,Asia-Pacific,285.5,447.54,559.28,798.17,0.0,1.46,492.5,0.48,73.88,4.68,15.31,0.25,0.54,9.17,1.89,1.71,1.39,3.92,4.59,0.93,0.96,1.47,0.79,0.8,1.825,20065.68,43.8,0.65,5.79,1.91,30.61,80.71,1.42,5.56,26.8,7.65,85.4,0.38,0.48,0.62,0.44,218.63,389.26,564.06,0.46,23.59,2.3,0.95,0.77,9.91,0.51,29918.64,30535.67,0.38,15.0,-2,174.98,3.3,43.0,3.1,43.0,3.2,47.0,3.3,38.0,3.2,53.0,3.3,59.0,3.4,41.0,10.0,-1,284.99,38.0,1.721
Vietnam,Ho Chi Minh City,Asia-Pacific,320.0,603.13,675.73,1153.18,0.0,1.22,511.51,0.53,96.08,4.83,13.26,0.33,0.49,9.58,1.83,1.64,1.34,3.44,4.59,0.91,1.15,1.45,0.87,0.85,1.76,17821.55,46.88,0.76,5.28,1.96,19.88,88.24,1.51,5.87,20.39,11.48,96.44,0.27,0.57,0.55,0.52,179.07,395.02,342.94,0.53,29.54,3.06,1.02,0.77,10.33,0.53,32531.84,34438.73,0.48,15.0,-2,174.98,3.3,43.0,3.1,43.0,3.2,47.0,3.3,38.0,3.2,53.0,3.3,59.0,3.4,41.0,10.0,-1,284.99,38.0,1.721
United States,San Francisco,North America,,3459.0,,,,,,,,,,,,,,,,,,,,,,,,,,,,,,,,,,,,,,,,,,,,,,,,,,,,,,,,3.8,,,,,,,,,,,,,,,,,,2.448
United States,Los Angeles,North America,,2675.0,,,,,,,,,,,,,,,,,,,,,,,,,,,,,,,,,,,,,,,,,,,,,,,,,,,,,,,,3.8,,,,,,,,,,,,,,,,,,2.448
